name,price,link
Raquete de Tênis Babolat Pure Aero Rafa 300g,"1099,90",https://www.prospin.com.br/raquete-de-tenis-babolat-pure-aero-rafa-300g
Raquete de Tênis Babolat Pure Strike 98 305g,"999,90",https://www.prospin.com.br/raquete-de-tenis-babolat-pure-strike-98-305g
Raquete de Tênis Head Graphene 360+ Gravity MP,"1124,99",https://www.prospin.com.br/raquete-de-tenis-head-graphene-360-gravity-mp-233821
Raquete de Tênis Babolat Pure Aero Rafa Team 285g,"1099,90",https://www.prospin.com.br/raquete-de-tenis-babolat-pure-aero-rafa-team-285g
Raquete de Tênis Wilson Blade 98 16x19 V8,"1614,91",https://www.prospin.com.br/raquete-de-tenis-wilson-blade-98-16x19-v8
Raquete de Tênis Babolat Pure Strike Tour 98 320g ,"999,90",https://www.prospin.com.br/raquete-de-tenis-babolat-pure-strike-tour-98-320g
Raquete de Tênis Babolat Boost Rafa 260G,"719,99",https://www.prospin.com.br/raquete-de-tenis-babolat-boost-s-rafa-260g
Raquete de Tênis Wilson Blade 98 18x20 V8,"1400,00",https://www.prospin.com.br/raquete-de-tenis-wilson-blade-98-18x20-v8
Raquete de Tênis Babolat Pure Aero 98 - 2023 - Carlos Alcaraz,"1804,91",https://www.prospin.com.br/raquete-de-tenis-babolat-pure-aero-98-2023
Raquete de Tênis Yonex Ezone 100 300g 2022,"1614,91",https://www.prospin.com.br/raquete-de-tenis-yonex-ezone-100-300g-7ez100yx-g7
Raquete de Tênis Babolat Pure Aero Rafa 290g - 2023,"1852,41",https://www.prospin.com.br/raquete-de-tenis-babolat-pure-aero-rafa-290g
Raquete de Tênis Babolat Evoke 102 270g,"500,00",https://www.prospin.com.br/raquete-de-tenis-babolat-evoke-102-270g
Raquete de Tênis Babolat Pure Aero Rafa Lite 270g,"1099,90",https://www.prospin.com.br/raquete-de-tenis-babolat-pure-aero-rafa-lite-270g
Raquete de Tênis Head Radical MP 2023,"1574,91",https://www.prospin.com.br/raquete-de-tenis-head-radical-mp-2023
Raquete de Tênis Yonex Ezone 98 305g 2022,"1614,91",https://www.prospin.com.br/raquete-de-tenis-yonex-ezone-98-305g-7ez98yx-g7
Raquete de Tênis Babolat Pure Aero 2023,"1804,91",https://www.prospin.com.br/raquete-de-tenis-babolat-pure-aero-101479-0370
Raquete de Tenis Wilson Federer Tour XP 103 Preta e Branca,"449,91",https://www.prospin.com.br/raquete-de-tenis-wilson-federer-tour-xp-103-preta-e-branca
Raquete de Tênis Head Graphene Speed MP,"1619,91",https://www.prospin.com.br/raquete-de-tenis-head-graphene-speed-mp
Raquete de Tênis Infantil Babolat Nadal 25 Junior Preta e Amarela,"341,91",https://www.prospin.com.br/raquete-de-tenis-babolat-nadal-25-junior-preta-e-amarela
Raquete de Tênis Head Radical Pro 2023,"1664,91",https://www.prospin.com.br/raquete-de-tenis-head-radical-pro-2023
Raquete de Tênis Wilson Blade Feel 100 2 Preta Cinza e Verde,"854,91",https://www.prospin.com.br/raquete-de-tenis-wilson-blade-feel-100-2-preta-cinza-e-verde
Raquete de Tênis Infantil Head IG Speed 25 Junior,"485,91",https://www.prospin.com.br/raquete-de-tenis-head-ig-speed-25-junior
Raquete de Tênis Babolat EVO Drive Tour 102 285g,"949,99",https://www.prospin.com.br/raquete-de-tenis-babolat-evo-drive-tour-102-285g
Raquete de Tênis Yonex Percept 97 310g - 2023,"1709,91",https://www.prospin.com.br/raquete-de-tenis-yonex-percept-97-310g-verde
Raquete de Tênis Infantil Head Novak 25 Junior,"341,91",https://www.prospin.com.br/raquete-de-tenis-head-novak-25-junior
Raquete de Tênis Wilson Pro Staff Precision 103 Preta e Vermelha,"719,99",https://www.prospin.com.br/raquete-de-tenis-wilson-pro-staff-precision-103-preta-e-vermelha
Raquete de Tênis Babolat Evo Drive 104 270g ,"899,99",https://www.prospin.com.br/raquete-de-tenis-babolat-evo-drive-104-270g
Raquete de Tênis Wilson Clash 100 V2,"1519,99",https://www.prospin.com.br/raquete-de-tenis-wilson-clash-100-v2
Raquete de Tênis Babolat Pure Drive - 300g,"1709,91",https://www.prospin.com.br/raquete-de-tenis-babolat-pure-drive-300g
Raquete de Tênis Babolat Pure Drive Team Wimbledon,"1439,91",https://www.prospin.com.br/raquete-de-tenis-babolat-pure-drive-team-wimbledon
Raquete de Tênis Babolat Boost Drive W 105 260g,"750,00",https://www.prospin.com.br/raquete-de-tenis-babolat-boost-drive-w-105-260g-ti121224-0353
Raquete de Tênis Babolat Boost Strike Vermelha Preta e Branca,"719,99",https://www.prospin.com.br/raquete-de-tenis-babolat-boost-strike-vermelha-preta-e-branca
Raquete de Tênis Infantil Babolat B-FLY 25 Azul e Rosa,"359,91",https://www.prospin.com.br/raquete-de-tenis-babolat-b-fly-25-azul-e-rosa
Raquete de Tênis Juvenil Babolat Aero Junior 26 240g,"719,91",https://www.prospin.com.br/raquete-de-tenis-babolat-aero-junior-26-240g
Raquete de Tênis Babolat Evo Drive 115 Wimbledon,"750,00",https://www.prospin.com.br/raquete-de-tenis-babolat-evo-drive-115-wimbledon
Raquete de Tênis Yonex VCore 98 305g 2023,"1709,91",https://www.prospin.com.br/raquete-de-tenis-yonex-vcore-98--305g-7vc98yx
Raquete de Tênis Head IG Challenge Pro,"989,91",https://www.prospin.com.br/raquete-de-tenis-head-ig-challenge-pro-233902
Raquete de Tênis Babolat Boost Drive 105 260g Marinho e Verde,"699,99",https://www.prospin.com.br/raquete-de-tenis-babolat-boost-drive-105-260g-marinho-e-verde
Raquete de Tênis Wilson Blade 98 16x19 V8 Roland Garros Limited,"1619,91",https://www.prospin.com.br/raquete-de-tenis-wilson-blade-98-16x19-v8-roland-garros-limited
Raquete de Tênis Infantil Head Junior Coco 21,"287,91",https://www.prospin.com.br/raquete-de-tenis-head-junior-coco-21
Raquete de Tênis Infantil Head Junior Coco 19,"278,91",https://www.prospin.com.br/raquete-de-tenis-head-junior-coco-19
Raquete de Tênis Babolat Feather 260g,"359,91",https://www.prospin.com.br/raquete-de-tenis-babolat-feather-260g
Raquete de Tênis Juvenil Babolat Aero Junior 26 2020 Amarela e Preta,"719,91",https://www.prospin.com.br/raquete-de-tenis-babolat-pure-aero-junior-26-2020-amarela-e-preta
Raquete de Tênis Infantil Wilson Us Open 19,"296,91",https://www.prospin.com.br/raquete-de-tenis-infantil-wilson-us-open-19
Raquete de Tênis Juvenil Babolat Pure Aero Rafa 26 - 245g - 2023,"1214,91",https://www.prospin.com.br/raquete-de-tenis-babolat-pure-aero-rafa-26-245g-2023
Raquete de Tênis Yonex VCore 100 300g 2023,"1709,91",https://www.prospin.com.br/raquete-de-tenis-yonex-vcore-100--300g-7vc100yx
Raquete de Tênis Wilson Clash 100 V2 Roland Garros Limited,"1664,91",https://www.prospin.com.br/raquete-de-tenis-wilson-clash-100-v2-roland-garros-limited
Raquete de Tênis Head Extreme MP,"1511,91",https://www.prospin.com.br/raquete-de-tenis-head-extreme-mp
Raquete de Tênis Infantil Babolat Comet 19 Branca e Vermelha,"251,91",https://www.prospin.com.br/raquete-de-tenis-babolat-comet-19-branca-e-vermelha
Raquete de Tênis Infantil Babolat Comet 21,"242,91",https://www.prospin.com.br/raquete-de-tenis-babolat-comet-21
Raquete de Tênis Infantil Head Junior Coco 17,"269,91",https://www.prospin.com.br/raquete-de-tenis-head-junior-coco-17
Raquete de Tênis Juvenil Babolat Strike Junior 26 Vermelha Preta e Branca,"719,91",https://www.prospin.com.br/raquete-de-tenis-babolat-strike-junior-26-vermelha-preta-e-branca
Raquete de Tênis Head TI Reward,"386,91",https://www.prospin.com.br/raquete-de-tenis-head-ti-reward
Raquete de Tênis Babolat Evo Drive 115 240g,"1079,91",https://www.prospin.com.br/raquete-de-tenis-babolat-evo-drive-115-240g
Raquete de Tênis Head Metallix Spark Elite Azul,"539,91",https://www.prospin.com.br/raquete-de-tenis-head-metallix-spark-elite-azul
Raquete de Tênis Yonex Smash Heat Azul,"494,99",https://www.prospin.com.br/raquete-de-tenis-yonex-smash-heat-azul
Raquete de Tênis Wilson Blade 100L V8,"1519,91",https://www.prospin.com.br/raquete-de-tenis-wilson-blade-100l-v8
Raquete de Tênis Wilson Minions 103,"522,49",https://www.prospin.com.br/raquete-de-tenis-wilson-minions-103
Raquete de Tênis Babolat Evoke 102 Wimbledom,"539,91",https://www.prospin.com.br/raquete-de-tenis-babolat-evoke-102-wimbledom-121231-100
Raquete de Tênis Head Graphene Gravity MP,"1619,91",https://www.prospin.com.br/raquete-de-tenis-head-graphene-gravity-mp
Raquete de Tênis Infantil Hyper X Blade 25 Preta e Laranja,"179,91",https://www.prospin.com.br/raquete-de-tenis-hyper-x-blade-25-preta-e-laranja
Raquete de Tênis Infantil Babolat Drive Junior 25,"629,91",https://www.prospin.com.br/raquete-de-tenis-babolat-pure-drive-junior-25-marinho-azul-e-branca
Raquete de Tênis Prokennex Kinetic Q+15 105,"1709,91",https://www.prospin.com.br/raquete-de-tenis-prokennex-kinetic-q-15-105
Raquete de Tênis Infantil Babolat Ballfighter 23 Preta Coral e Prata,"359,91",https://www.prospin.com.br/raquete-de-tenis-babolat-ballfighter-23-preta-e-coral
Raquete de Tênis Infantil Head Junior Novak 21,"305,91",https://www.prospin.com.br/raquete-de-tenis-head-junior-novak-2123312206
Raquete de Tênis Infantil Babolat B Fly 23 Roxo Azul Claro e Rosa,"359,91",https://www.prospin.com.br/raquete-de-tenis-babolat-b-fly-23-roxo-azul-claro-rosa
Raquete de Tênis Wilson Clash 98 V2,"1567,49",https://www.prospin.com.br/raquete-de-tenis-wilson-clash-98-v2
Raquete de Tênis Wilson Impact Azul e Vermelha,"296,91",https://www.prospin.com.br/raquete-de-tenis-wilson-impact-azul-e-vermelha
Raquete de Tênis Prokennex Kinetic Q+5 100,"1709,91",https://www.prospin.com.br/raquete-de-tenis-prokennex-kinetic-q-5-100
Raquete de Tênis Babolat Pure Drive Lite - 270g,"1662,41",https://www.prospin.com.br/raquete-de-tenis-babolat-pure-drive-lite-270g
Raquete de Tênis Babolat Pure Aero Team 2023,"1757,41",https://www.prospin.com.br/raquete-de-tenis-babolat-pure-aero-team-101488-0370
Raquete de Tênis Wilson Blade 100UL V8,"1439,91",https://www.prospin.com.br/raquete-de-tenis-wilson-blade-100ul-v8
Raquete de Tênis Head Tour Pro,"359,91",https://www.prospin.com.br/raquete-de-tenis-head-ti-tour-pro-233422
Raquete de Tênis  Babolat Aero G 102 270g,"1079,91",https://www.prospin.com.br/raquete-de-tenis-babolat-aero-g-102-270g
Raquete de Tênis Wilson Clash 100 Pro V2,"1519,99",https://www.prospin.com.br/raquete-de-tenis-wilson-clash-100-pro-v2
Raquete de Tênis Babolat Strike EVO 102 280g,"899,99",https://www.prospin.com.br/raquete-de-tenis-babolat-strike-evo-102-280g
Raquete de Tênis Wilson Ultra 100 V4,"1614,91",https://www.prospin.com.br/raquete-de-tenis-wilson-ultra-100-v4
Raquete de Tênis Infantil Head Extreme 25 Junior,"341,91",https://www.prospin.com.br/raquete-de-tenis-head-extreme-25-junior-23541207
Raquete de Tênis Babolat Evo Drive Lite 255g Branca e Azul,"989,99",https://www.prospin.com.br/raquete-de-tenis-babolat-evo-drive-lite-255g-branca-e-azul-101454-0153
Raquete de Tênis Babolat Evoke 102 W 270g Branca Laranja e Azul,"629,99",https://www.prospin.com.br/raquete-de-tenis-babolat-evoke-102-w-270g-branca-laranja-e-azul
Raquete de Tênis Wilson Triumph Roland Garros,"449,91",https://www.prospin.com.br/raquete-de-tenis-wilson-triumph-roland-garros-wr08601
Raquete de Tênis Babolat Eagle 275g Preta Azul e Branca,"359,91",https://www.prospin.com.br/raquete-de-tenis-babolat-eagle-275g-preta-zzul-e-branca
Raquete de Tênis Babolat Pure Drive 107 - 285g,"1662,41",https://www.prospin.com.br/raquete-de-tenis-babolat-pure-drive-107-285g
Raquete de Tênis Juvenil Wilson US Open 23 Vermelha e Amarela,"287,91",https://www.prospin.com.br/raquete-de-tenis-wilson-us-open-23-vermelha-e-amarela
Raquete de Tênis Babolat Evoke 105 275g Preta e Coral,"499,95",https://www.prospin.com.br/raquete-de-tenis-babolat-evoke-105-275g-preta-e-coral
Raquete de Tênis Wilson Clash 100L V2,"1472,49",https://www.prospin.com.br/raquete-de-tenis-wilson-clash-100l-v2
Raquete de Tênis Wilson Blade Feel 103,"719,91",https://www.prospin.com.br/raquete-de-tenis-wilson-blade-feel-103
Raquete de Tênis Head Graphene Gravity Pro,"1691,91",https://www.prospin.com.br/raquete-de-tenis-head-graphene-gravity-pro-235303
Raqueteira Babolat Pure Aero Rafa X6 Preta Amarela e Rosa,"1214,91",https://www.prospin.com.br/raqueteira-babolat-pure-aero-rafa-x6-preta-amarela-e-rosa
Raquete de Tênis Wilson Blade Team V8.0,"1044,91",https://www.prospin.com.br/raquete-de-tenis-wilson-blade-team-v8-0
Raquete de Tênis Head TI Geo Speed,"539,91",https://www.prospin.com.br/raquete-de-tenis-head-ti-geo-speed
Raquete de Tênis Infantil Babolat Ballfighter 21 Preta Laranja e Azul,"359,91",https://www.prospin.com.br/raquete-de-tenis-infantil-babolat-ballfighter-21-preta-laranja-e-azul
Raquete de Tênis Infantil Babolat Ballfighter 19 Preta Laranja e Azul,"359,91",https://www.prospin.com.br/raquete-de-tenis-infantil-babolat-ballfighter-19-preta-laranja-e-azul
Raquete de Tênis Solinco Whiteout 290g,"1709,91",https://www.prospin.com.br/raquete-de-tenis-solinco-whiteout-290g
Raquete de Tênis Infantil Tecnifibre Tempo 25 Junior,"314,91",https://www.prospin.com.br/raquete-de-tenis-tecnifibre-tempo-25-junior
Raquete de Tênis Infantil Babolat Drive 24 Junior,"629,91",https://www.prospin.com.br/raquete-de-tenis-babolat-drive-24-junior
Raquete de Tênis Infantil Babolat Drive 24 Junior Girl,"521,91",https://www.prospin.com.br/raquete-de-tenis-babolat-drive-24-junior-girl
Raquete de Tênis Infantil Babolat Nadal Junior 19 Amarela e Preta,"341,91",https://www.prospin.com.br/raquete-de-tenis-babolat-nadal-junior-19-2020-amarela-e-preta
Raquete de Tênis Infantil Babolat Drive Junior 25 Marinho Rosa e Branca,"629,91",https://www.prospin.com.br/raquete-de-tenis-babolat-pure-drive-junior-25-marinho-rosa-e-branca
Raquete de Tênis Infantil Hyper X Blade 25 Preta e Azul,"179,91",https://www.prospin.com.br/raquete-de-tenis-hyper-x-blade-25-preta-e-azul
Raquete de Tênis Dunlop SX 300 Edição 2022,"1889,99",https://www.prospin.com.br/raquete-de-tenis-dunlop-sx300-dut039-5788
Raquete de Tênis Infantil Tecnifibre Bullit 25 Junior,"296,91",https://www.prospin.com.br/raquete-de-tenis-tecnifibre-bullit-25-junior
Raquete De Tênis Pro Kennex KI 15 260g 105 Edição 2020 Branca Preta e Azul,"1574,91",https://www.prospin.com.br/raquete-de-tenis-pro-kennex-ki-15-260-gramas-105-edicao-2020-branca-preta-e-azul
Raquete de Tênis Infantil Babolat Ballfigther 17,"341,91",https://www.prospin.com.br/raquete-de-tenis-babolat-ballfigther-17-25588
Raquete de Tênis Tecnifibre T-Fight 305 Isoflex,"1619,91",https://www.prospin.com.br/raquete-de-tenis-tecnifibre-t-fight-305-isoflex-14fi305i3
Raquete de Tênis Infantil Babolat Ballfighter 25 Preta Laranja e Azul,"359,91",https://www.prospin.com.br/raquete-de-tenis-babolat-ballfighter-25-preta-laranja-e-azul
Raquete de Tênis Infantil Tecnifibre Bullit 23 Junior,"296,91",https://www.prospin.com.br/raquete-de-tenis-tecnifibre-bullit-23-junior
Raquete de Tênis Tecnifibre TF40 18X20 305,"1619,91",https://www.prospin.com.br/raquete-de-tenis-tecnifibre-tf40-18x20-305-14tf43058
Raquete de Tênis Juvenil Head Boom Júnior 26,"1079,91",https://www.prospin.com.br/raquete-de-tenis-head-boom-junior
Raquete de Tênis Infantil Babolat Aero Junior 25,"719,91",https://www.prospin.com.br/raquete-de-tenis-babolat-aero-junior-25-amarela-e-preta
Raquete de Tênis Tecnifibre T-Fight 300 Isoflex,"1619,91",https://www.prospin.com.br/raquete-de-tenis-tecnifibre-t-fight-300-isoflex
Raquete de Tênis Wilson Advantage XL,"296,91",https://www.prospin.com.br/raquete-de-tenis-wilson-advantage-xl-wr068110
Raquete de Tênis Infantil Head Radical 25 Junior 2021,"341,91",https://www.prospin.com.br/raquete-de-tenis-head-radical-25-junior-2021
Raquete de Tênis Wilson Ultra 100UL V4,"1394,91",https://www.prospin.com.br/raquete-de-tenis-wilson-ultra-100ul-v4
Raquete de Tênis Babolat Pure Drive Lite Wimbledon,"1349,99",https://www.prospin.com.br/raquete-de-tenis-babolat-pure-drive-lite-wimbledon
Raquete De Tênis Prokennex KI 5 300g 100 Edição 2020 Branca Preta e Amarela,"1574,91",https://www.prospin.com.br/raquete-de-tenis-prokennex-ki-5-300g-100-edicao-2020-branca-preta-e-amarela
Raquete de Tênis Juvenil Wilson Pro Staff 26 V14 Junior,"989,91",https://www.prospin.com.br/raquete-de-tenis-wilson-pro-staff-26-v14-junior
Raquete de Tênis Head IG Challenge Pro,"989,91",https://www.prospin.com.br/raquete-de-tenis-head-ig-challenge-pro-235513
Raquete de Tênis Head Graphene 360+ Radical MP,"1529,91",https://www.prospin.com.br/raquete-de-tenis-head-graphene-radical-mp-234111
Raquete de Tênis Head IG Challenge Pro Limão,"989,91",https://www.prospin.com.br/raquete-de-tenis-head-ig-challenge-pro-limao
Raquete de Tênis Wilson Clash 108 V2,"1424,99",https://www.prospin.com.br/raquete-de-tenis-wilson-clash-108-v2
Raquete de Tênis Babolat Pure Drive Team - 285g,"1662,41",https://www.prospin.com.br/raquete-de-tenis-babolat-pure-drive-team-285g
Raquete de Tênis Yonex Smash Heat Preta,"494,99",https://www.prospin.com.br/raquete-de-tenis-yonex-smash-heat-preta
Raquete de Tênis Head Graphene 360+ Radical Pro,"1619,91",https://www.prospin.com.br/raquete-de-tenis-head-graphene-360--radical-pro
Raquete de Tênis Wilson Federer Control 103,"719,91",https://www.prospin.com.br/raquete-de-tenis-wilson-federer-control-103-wrt56680
Raquete de Tênis Babolat Boost A,"699,99",https://www.prospin.com.br/raquete-de-tenis-babolat-boost-a
Raquete de Tênis Wilson Ultra 100L V4,"1394,91",https://www.prospin.com.br/raquete-de-tenis-wilson-ultra-100l-v4
Raquete de Tênis Wilson Pro Staff 97L V14,"1614,91",https://www.prospin.com.br/raquete-de-tenis-wilson-pro-staff-97l-v14
Raquete de Tênis Yonex Ezone Feel 102 250g Azul,"1079,91",https://www.prospin.com.br/raquete-de-tenis-yonex-ezone-feel-102-250g-azul
Raquete de Tênis Head Prestige MP,"1664,91",https://www.prospin.com.br/raquete-de-tenis-head-prestige-mp
Raquete de Tênis Head Graphene Gravity Tour,"1691,91",https://www.prospin.com.br/raquete-de-tenis-head-graphene-gravity-tour-235313
Raquete de Tênis Head IG Challenge MP,"989,91",https://www.prospin.com.br/raquete-de-tenis-head-ig-challenge-mp
Raquete de Tênis Solinco Shadow 25 Junior ,"341,91",https://www.prospin.com.br/raquete-de-tenis-solinco-shadow-junior-25
Raquete de Tênis Solinco Shadow 23 Junior ,"341,91",https://www.prospin.com.br/raquete-de-tenis-solinco-shadow-junior-23
Raquete de Tênis Solinco Shadow 21 Junior ,"341,91",https://www.prospin.com.br/raquete-de-tenis-solinco-shadow-junior-21
Raquete de Tênis Solinco Shadow 19 Junior ,"341,91",https://www.prospin.com.br/raquete-de-tenis-solinco-shadow-junior
Raquete de Tênis Infantil Babolat Strike 24 Junior,"629,91",https://www.prospin.com.br/raquete-de-tenis-babolat-strike-24-junior
Raquete de Tênis Infantil Tecnifibre Tempo 19 Junior,"296,91",https://www.prospin.com.br/raquete-de-tenis-tecnifibre-tempo-19-junior
Raquete de Tênis Infantil Tecnifibre Tempo 21 Junior,"296,91",https://www.prospin.com.br/raquete-de-tenis-tecnifibre-tempo-21-junior
Raquete de Tênis Infantil Tecnifibre Bullit 21 Junior,"296,91",https://www.prospin.com.br/raquete-de-tenis-tecnifibre-bullit-21-junior
Raquete de Tênis Infantil Tecnifibre Bullit 19 Junior,"296,91",https://www.prospin.com.br/raquete-de-tenis-tecnifibre-bullit-19-junior
Raquete de Tênis Tecnifibre T-Rebound Tempo 3 255G,"1124,91",https://www.prospin.com.br/raquete-de-tenis-tecnifibre-t-rebound-tempo-3-255g
Raquete de Tênis Infantil Babolat B-FLY 21 Azul e Rosa,"359,91",https://www.prospin.com.br/raquete-de-tenis-babolat-b-fly-21-azul-e-rosa
Raquete de Tênis Infantil Tecnifibre Bullit 17 Junior,"296,91",https://www.prospin.com.br/raquete-de-tenis-tecnifibre-bullit-17-junior
Raquete de Tênis Infantil Babolat 21 Júnior Preta e Amarela,"359,91",https://www.prospin.com.br/raquete-de-tenis-babolat-21-junior-preta-e-amarela
Raquete de Tênis Solinco Blackout 300g ,"1709,91",https://www.prospin.com.br/raquete-de-tenis-solinco-blackout-300g
Raquete de Tênis Infantil Yonex Ezone 25 Junior 2021,"413,91",https://www.prospin.com.br/raquete-de-tenis-yonex-ezone-25-junior-2021-azul
Raquete de Tênis Tecnifibre TF40 16X19 305,"1619,91",https://www.prospin.com.br/raquete-de-tenis-tecnifibre-rf40-16x19-305
Raquete de Tênis Prokennex Kinetic KI18 260gr,"1574,91",https://www.prospin.com.br/raquete-de-tenis-prokennex-kinetic-ki18-260gr
Raquete de Tênis Wilson Clash 100 V2 US Open 2023 Edição Limitada,"1619,91",https://www.prospin.com.br/raquete-de-tenis-wilson-clash-100-v2-us-open-2023-edicao-limitada
Raquete de Tênis Juvenil Head Radical 26 Júnior 2023,"1079,91",https://www.prospin.com.br/raquete-de-tenis-head-radical-junior-2023
Raquete de Tênis Juvenil Wilson Blade 26 V8 Junior,"1079,91",https://www.prospin.com.br/raquete-de-tenis-wilson-blade-26-v8-junior-wr07921
Raquete de Tênis Infantil Babolat Drive 23 Junior,"719,91",https://www.prospin.com.br/raquete-de-tenis-babolat-drive-23-junior
"Raquete de Tênis Infantil Babolat Nadal Júnior 19 Amarela, Roxa e Laranja","341,91",https://www.prospin.com.br/raquete-de-tenis-babolat-19-junior-preta-e-amarela
Raquete de Tênis Prokennex Kinetic Q+30 119,"1709,91",https://www.prospin.com.br/raquete-de-tenis-prokennex-kinetic-q-30-119
Raquete de Tênis Tecnifibre T-Fit 280 Power,"1079,91",https://www.prospin.com.br/raquete-de-tenis-tecnifibre-t-fit-280-power
Raquete de Tênis Tecnifibre T-Rebound Tempo 3 270G,"1124,91",https://www.prospin.com.br/raquete-de-tenis-tecnifibre-t-rebound-tempo-3-270g
Raquete de Tênis Solinco Blackout 285g ,"1709,91",https://www.prospin.com.br/raquete-de-tenis-solinco-blackout-285g
Raquete de Tênis Wilson Pro Staff Precision XL 110 Vermelha e Preta ,"313,41",https://www.prospin.com.br/raquete-de-tenis-wilson-pro-staff-precision-xl-110-vermelha-e-preta
Raquete De Tênis Prokennex KI 10 290g 100 Edição 2020 Branca Preta e Laranja,"1574,91",https://www.prospin.com.br/raquete-de-tenis-prokennex-ki-10-290g-100-edicao-2020-branca-preta-e-laranja
Raquete de Tênis Wilson Blade 98 16X19 V8 US Open 2023 Edição Limitada,"1619,91",https://www.prospin.com.br/raquete-de-tenis-wilson-blade-98-16x19-v8-us-open-2023-edicao-limitada
Raquete de Tênis Dunlop FX 500,"1889,99",https://www.prospin.com.br/raquete-de-tenis-dunlop-fx-500
Raquete De Tênis Pro Kennex KI 15 300g 105 Edição 2020 Branca Preta e Azul,"1574,91",https://www.prospin.com.br/raquete-de-tenis-pro-kennex-ki-15-300-gramas-105-edicao-2020-branca-preta-e-azul
Raquete de Tênis Wilson US Open GS 105,"476,91",https://www.prospin.com.br/raquete-de-tenis-wilson-us-open-gs-105
Raquete de Tênis Head Extreme Junior 26 - 2023,"989,91",https://www.prospin.com.br/raquete-de-tenis-head-extreme-junior-2023
Raquete de Tênis Babolat Evo Drive Lite 255g Azul e Branca,"989,99",https://www.prospin.com.br/raquete-de-tenis-babolat-evo-drive-lite-255g-azul-e-branca-101432-136
Raquete de Tênis Tecnifibre Tempo 298 Iga,"1619,91",https://www.prospin.com.br/raquete-de-tenis-tecnifibre-tempo-298-iga
Raquete de Tênis Dunlop CX 400 Tour 100,"1889,99",https://www.prospin.com.br/raquete-de-tenis-dunlop-cx-400-tour-100
Raquete de Tênis Head TI Conquest,"350,91",https://www.prospin.com.br/raquete-de-tenis-head-ti-conquest-235631
Raquete de Tênis Dunlop CX 200,"1619,99",https://www.prospin.com.br/raquete-de-tenis-dunlop-cx-200
Raquete de Tênis Wilson Pro Staff 97 V14,"1757,41",https://www.prospin.com.br/raquete-de-tenis-wilson-pro-staff-97-v14
Raquete de Tênis Babolat Voltage 270g,"359,91",https://www.prospin.com.br/raquete-de-tenis-babolat-voltage-270g
Raquete de Tênis Solinco Whiteout 305g ,"1709,91",https://www.prospin.com.br/raquete-de-tenis-solinco-whiteout-305g
Raquete de Tênis Babolat Evo Drive W,"899,99",https://www.prospin.com.br/raquete-de-tenis-babolat-evo-drive-w
Raquete de Tênis Tecnifibre T-Fight RS 305 Isoflex,"1619,91",https://www.prospin.com.br/raquete-de-tenis-tecnifibre-t-fight-305-isoflex
Raquete de Tênis Head Boom Pro,"1664,91",https://www.prospin.com.br/raquete-de-tenis-head-boom-pro
Raquete de Tênis Head Graphene Gravity MP L 2023,"1529,91",https://www.prospin.com.br/raquete-de-tenis-head-graphene-gravity-mp-2023
Raquete de Tênis Babolat Evo Aero Pink,"1169,91",https://www.prospin.com.br/raquete-de-tenis-babolat-evo-aero-pink
Raquete de Tênis Yonex Ezone 98 Tour 315g,"1614,91",https://www.prospin.com.br/raquete-de-tenis-yonex-ezone-98-tour-315g-6ez98tryx
Raquete de Tênis Wilson Blade 104 V8,"1377,49",https://www.prospin.com.br/raquete-de-tenis-wilson-blade-104-v8
Raquete de Tênis Head Mx Spark Elite Coral,"539,91",https://www.prospin.com.br/raquete-de-tenis-head-metallix-spark-elite-coral
Raquete de Tênis Head Boom MP,"1529,91",https://www.prospin.com.br/raquete-de-tenis-head-boom-mp
Raquete de Tênis Babolat Pure Aero Lite 2023,"1757,41",https://www.prospin.com.br/raquete-de-tenis-babolat-pure-aero-lite-2023
Raquete de Tênis Babolat Pure Aero + 2023,"1804,91",https://www.prospin.com.br/raquete-de-tenis-babolat-pure-aero-2023
Raquete de Tênis Babolat Pure Drive Tour - 315g,"1662,41",https://www.prospin.com.br/raquete-de-tenis-babolat-pure-drive-tour-315g
Raquete de Tênis Babolat Evo Aero,"1169,99",https://www.prospin.com.br/raquete-de-tenis-babolat-evo-aero-101505-100
